purchase_amount,customer_rating,product_category,customer_id_legacy,transaction_id,purchase_amount_augmented,log_purchase_amount
408.0,2.3,Sports,128,1,400.5552830733709,5.995345215249133
332.0,4.2,Electronics,135,2,347.03287791636296,5.852296952082983
442.0,2.1,Electronics,108,3,456.3738739197681,6.125501161286093
256.0,2.8,Clothing,135,4,260.257456277377,5.56550634364639
64.0,1.3,Clothing,188,5,61.57927623120176,4.136434172676919
395.0,1.1,Groceries,107,6,394.14024391039885,5.979240749760968
91.0,4.9,Sports,144,7,91.05557874910542,4.522392511482025
429.0,4.3,Clothing,187,8,417.5264532738748,6.036740097666347
228.0,3.8,Electronics,177,9,218.4232109913921,5.391002335278222
112.0,2.6,Sports,172,10,115.09930466128297,4.754445899549674
401.0,1.7,Sports,150,11,385.84360559018825,5.958020491429326
280.0,1.6,Electronics,191,12,282.6401410157297,5.64770632560014
290.0,2.0,Clothing,159,13,302.6570260426261,5.715898860698075
101.0,3.2,Electronics,106,14,104.79866244524023,4.661537877049769
145.0,3.9,Sports,180,15,141.77741304436427,4.9612868654367475
437.0,3.6,Books,152,16,452.3583054609903,6.116682774120547
271.0,2.1,Books,137,17,257.45901091586524,5.554737116253327
456.0,4.8,Groceries,157,18,434.00656411836457,6.075361120902107
280.0,4.0,Electronics,102,19,282.8714885876002,5.648521630776696
286.0,3.2,Electronics,107,20,282.13322906753353,5.645917560954107
192.0,3.4,Groceries,159,21,189.82004815025562,5.251330827657048
220.0,2.7,Groceries,177,22,221.4177039949354,5.404557163501948
78.0,2.0,Groceries,143,23,75.59590315361652,4.338543591681996
85.0,2.4,Sports,114,24,82.54992048065657,4.425444303283398
62.0,4.0,Electronics,120,25,61.90452983951696,4.141618177639831
209.0,1.1,Sports,134,26,214.31389907678675,5.372096959076152
376.0,1.5,Groceries,147,27,380.4931154529253,5.944092804566727
236.0,1.2,Electronics,123,28,231.2175791383894,5.447674773281845
292.0,1.2,Sports,120,29,289.9658455832605,5.673205891153509
135.0,4.4,Sports,110,30,130.55397424042496,4.879417217903584
333.0,3.8,Groceries,177,31,318.8351728174248,5.767805778146403
115.0,2.9,Electronics,159,32,118.25100446855771,4.781230552949392
219.0,1.4,Groceries,159,33,213.86198426122147,5.36999588833129
94.0,3.0,Electronics,161,34,90.97100404580173,4.521473353956263
111.0,2.9,Books,177,35,113.12696041681946,4.737311516571052
490.0,1.7,Clothing,132,36,495.78453204007207,6.208156394949519
183.0,2.7,Clothing,180,37,185.43737015604637,5.2280953658271025
333.0,2.6,Clothing,190,38,323.97219034139226,5.78373961048824
77.0,2.985,Groceries,114,39,74.94137064693264,4.329961603718107
157.0,3.5,Books,114,40,152.61660128763452,5.034459896172913
93.0,1.2,Electronics,180,41,89.96589913965934,4.510484701557227
389.0,2.985,Sports,189,42,395.0576508626484,5.981559783644792
335.0,2.985,Electronics,146,43,346.65853215585497,5.8512207686165265
495.0,3.0,Sports,152,44,506.10371474899466,6.228715548250369
380.0,4.4,Electronics,152,45,391.09955808290067,5.971515782245625
177.0,3.6,Books,141,46,175.31493219480802,5.1722717834621506
397.0,1.7,Sports,187,47,403.1168090762683,6.0017039675476305
280.0,1.3,Groceries,140,48,275.9186147324537,5.623723653386702
239.0,3.6,Electronics,161,49,239.6095604650505,5.483175538682343
274.0,1.1,Electronics,146,50,273.4967947950552,5.614939584360668
434.0,3.3,Sports,150,51,419.97690209924326,6.042577967804933
426.0,4.8,Groceries,184,52,421.1895551902978,6.045454396098964
332.0,3.3,Groceries,180,53,347.39889954601404,5.853348086379829
495.0,2.6,Books,146,54,482.5547227568896,6.181164488958188
170.0,3.6,Groceries,114,55,163.77466351675133,5.104578864859632
165.0,2.8,Groceries,183,56,163.65658025679494,5.103861973142495
282.0,3.2,Groceries,117,57,290.1875241512562,5.673967472517578
308.0,4.8,Clothing,107,58,310.53016547722314,5.741496172952111
408.0,2.5,Books,146,59,415.3837729513204,6.03160736612393
247.0,4.8,Electronics,199,60,239.3354627499145,5.482035708840755
460.0,4.6,Sports,171,61,465.4716168783552,6.145197175731916
186.0,1.8,Electronics,160,62,182.7171073453534,5.21339711442483
367.0,1.3,Books,132,63,379.2689335305399,5.940878722222068
214.0,1.4,Sports,187,64,216.76699444862976,5.383425658375517
274.0,1.1,Books,161,65,265.7486620110431,5.5863068742781605
356.0,1.4,Groceries,161,66,340.50035380244947,5.833348715035051
283.0,3.7,Sports,146,67,270.056519822823,5.602327359365859
221.0,1.3,Groceries,146,68,218.15812934506812,5.389793521066476
201.0,2.3,Electronics,179,69,196.29360784675168,5.284693014362592
364.0,2.985,Electronics,162,70,369.3176804940353,5.914361233185456
423.0,1.1,Sports,143,71,422.9718212195956,6.049666993635689
209.0,4.3,Sports,100,72,204.10980291031245,5.323545459695844
145.0,2.1,Books,170,73,139.91394778027754,4.948149404639008
282.0,1.5,Books,135,74,271.4870333077861,5.607591028779525
229.0,3.8,Groceries,177,75,237.35072298001555,5.4737432149167
162.0,3.5,Sports,106,76,157.84434308815887,5.067924748423618
367.0,4.5,Electronics,199,77,372.5677807783325,5.923099462749125
491.0,3.9,Books,199,78,506.2546790641257,6.229013203038196
101.0,4.2,Books,103,79,102.15222124296585,4.636205773390746
317.0,2.1,Electronics,174,80,328.39821784320816,5.797267407416847
344.0,2.985,Books,198,81,340.2983440205795,5.832757003924856
435.0,4.0,Groceries,114,82,454.8456652932293,6.122154298921818
436.0,4.2,Sports,147,83,420.005122182165,6.042645000311848
162.0,5.0,Electronics,100,84,155.55482238045212,5.053406251389017
150.0,2.7,Sports,101,85,152.38038219311167,5.032920994139005
162.0,2.5,Books,182,86,169.17386449089486,5.136820646715278
489.0,4.1,Books,122,87,504.1044012740165,6.224765143104656
130.0,2.4,Electronics,174,88,124.49341917269467,4.832253320326019
236.0,2.985,Groceries,190,89,230.79307804885931,5.445845068720606
162.0,4.4,Clothing,199,90,168.97116593437275,5.1356288105137455
51.0,2.7,Electronics,179,91,49.740598007284,3.926726339818752
179.0,4.0,Clothing,140,92,184.03295058578584,5.220533920492913
269.0,4.0,Clothing,103,93,277.7460560704821,5.630301174048163
103.0,1.4,Groceries,100,94,102.95315666564812,4.643940380996852
392.0,4.6,Clothing,150,95,387.54487726605396,5.962408677334788
273.0,3.0,Clothing,143,96,271.63839700505946,5.608146364094102
274.0,4.3,Groceries,147,97,266.51883262561097,5.589189966196665
434.0,2.985,Clothing,186,98,450.89956575999184,6.113459955496197
452.0,4.6,Clothing,161,99,449.76800848418503,6.1109528135519895
175.0,2.6,Clothing,102,100,181.69304020798174,5.207807368558646
179.0,2.985,Electronics,187,101,171.9419132903223,5.152955776789707
102.0,4.6,Electronics,171,102,106.98040776420135,4.681949801076781
221.0,1.4,Electronics,106,103,219.74633523250395,5.397014237908003
267.0,2.3,Groceries,150,104,254.92708290452262,5.5448925715029
209.0,4.8,Books,100,105,199.3446566281628,5.300039166540138
247.0,4.8,Clothing,161,106,253.0813192598014,5.5376543703461465
465.0,3.3,Clothing,101,107,472.3951523404711,6.159930456935504
296.0,3.5,Groceries,180,108,304.94306452057657,5.723399020982145
373.0,2.8,Clothing,104,109,358.28020901643964,5.884102610544064
488.0,2.985,Electronics,174,110,465.3358583113348,6.1449061005173835
252.0,2.3,Books,199,111,252.21619809407898,5.534243661739123
233.0,3.7,Sports,113,112,230.38096889354853,5.444065568047886
172.0,4.0,Clothing,164,113,171.34548731074042,5.149501109334565
450.0,4.2,Electronics,114,114,472.1214783991623,6.1593521808861516
304.0,4.2,Sports,110,115,318.3107987131884,5.76616491910873
343.0,1.4,Books,188,116,358.17141786579054,5.883799761618931
329.0,3.0,Sports,161,117,338.33842406565645,5.82699791048795
374.0,1.2,Electronics,171,118,368.5710668736077,5.912343054434935
421.0,3.2,Sports,186,119,417.3007121640627,6.036200580966576
147.0,2.8,Groceries,101,120,147.7293558426682,5.002128250543344
247.0,4.6,Sports,134,121,255.16420107319956,5.545818649305988
444.0,2.4,Clothing,120,122,424.8508497638111,6.054089167038454
289.0,1.5,Clothing,114,123,286.81218000207326,5.66230811462125
193.0,1.6,Groceries,140,124,184.9445209047639,5.225448354514883
146.0,4.0,Electronics,114,125,146.21400076397327,4.991887315657425
250.0,3.5,Clothing,136,126,259.9725206001559,5.564415116722959
173.0,1.4,Books,121,127,177.8869891949561,5.186754261178825
236.0,1.3,Clothing,106,128,229.57708105401738,5.440585214578255
375.0,3.8,Clothing,192,129,392.84965685995473,5.975969254903441
398.0,1.3,Electronics,101,130,404.66054584224787,6.005516715895599
308.0,4.3,Sports,102,131,292.92117314144,5.683311612821942
197.0,3.8,Clothing,154,132,192.18164564829883,5.263630915445059
301.0,1.3,Groceries,163,133,293.7974703275895,5.686288579300038
492.0,1.3,Sports,105,134,470.8073118692643,6.156570664668797
469.0,4.9,Books,134,135,490.56586369776113,6.1975959360981205
452.0,2.5,Electronics,187,136,451.01713931483175,6.113720097951454
395.0,2.5,Books,152,137,410.6346765961893,6.020136248701268
196.0,4.3,Sports,140,138,192.5154238675147,5.265357219202807
197.0,4.8,Sports,123,139,189.6171013375267,5.25026671089678
401.0,4.9,Sports,177,140,399.9708780072392,5.993888801246017
248.0,4.0,Books,143,141,238.42612454091505,5.478244912236645
357.0,2.5,Sports,104,142,356.5007534562982,5.879137469701906
466.0,2.985,Books,182,143,485.58584864482435,6.187413347815605
473.0,4.1,Sports,188,144,473.98233310875827,6.163277609887702
177.0,3.2,Groceries,141,145,179.06204516604296,5.193301486863316
88.0,2.7,Sports,108,146,84.97841824536951,4.4540963141248895
387.0,4.6,Books,162,147,369.3425687215548,5.914428438702575
409.0,1.4,Clothing,132,148,393.0820456531541,5.976559125317834
178.0,3.0,Sports,170,149,179.7538620471817,5.197136227599994
316.0,1.0,Clothing,188,150,303.20236968815686,5.717693169696748
375.0,3.8,Clothing,188,151,370.3497333727992,5.917144296120701
387.0,4.6,Books,100,152,388.9385580957307,5.965989183368156
250.0,3.5,Clothing,123,153,247.21631996574618,5.514300623895503
398.0,1.3,Electronics,163,154,384.614615298319,5.954838464762703
332.0,3.3,Groceries,152,155,324.4898714094684,5.785331344142877
221.0,1.3,Groceries,199,156,230.46581747595354,5.444432205932621
289.0,1.5,Clothing,149,157,294.08588776444566,5.687266458929572
177.0,3.2,Groceries,161,158,176.93004674463398,5.181390477232328
333.0,2.6,Clothing,120,159,316.77340583656354,5.761338568526071
85.0,2.4,Sports,104,160,89.18553090416049,4.5018690029392365
201.0,2.3,Electronics,153,161,204.44624419138233,5.325184414273455
343.0,1.4,Books,133,162,336.7204409729316,5.822218455535765
434.0,2.985,Clothing,173,163,450.46025984390616,6.1124873509187845
197.0,4.8,Sports,163,164,192.24110291974884,5.263938647182591
473.0,4.1,Sports,132,165,475.0819841953441,6.165590075105058
274.0,4.3,Groceries,110,166,277.72833892619724,5.630237611866833
193.0,1.6,Groceries,100,167,187.61652306905697,5.2397159754237155
364.0,2.985,Electronics,187,168,381.41366094834166,5.946502904776446
269.0,4.0,Clothing,104,169,275.67636227083506,5.622848455860911
442.0,2.1,Electronics,101,170,444.55534456758926,6.099321469425207
409.0,1.4,Clothing,170,171,395.9363190653698,5.98377586244397
387.0,4.6,Books,173,172,369.7343126108236,5.915485667542457
162.0,4.4,Clothing,108,173,159.08496928683994,5.075704732315158
387.0,4.6,Books,152,174,396.7983498998487,5.985945218346535
409.0,1.4,Clothing,128,175,399.56565010055283,5.992877673425885
273.0,3.0,Clothing,120,176,274.07988481952725,5.6170615457352735
426.0,4.8,Groceries,170,177,435.71054972872963,6.079270618039723
236.0,1.3,Clothing,102,178,226.74747166565655,5.428237434720188
77.0,2.985,Groceries,162,179,78.42679472409223,4.374835776363516
435.0,4.0,Groceries,181,180,417.24638361538695,6.036070693363054
267.0,2.3,Groceries,102,181,279.4189641147908,5.636284785237203
375.0,3.8,Clothing,120,182,374.5647798774352,5.928430972643031
401.0,1.7,Sports,179,183,386.99211191916606,5.960985009311372
389.0,2.985,Sports,140,184,382.86872344170496,5.950300628100985
452.0,4.6,Clothing,110,185,448.0864235081458,6.107215349193959
91.0,4.9,Sports,114,186,93.34948360079649,4.547005798570079
473.0,4.1,Sports,183,187,484.51394508142357,6.1852080104526035
162.0,4.4,Clothing,100,188,163.81343618646477,5.1048141444096355
233.0,3.7,Sports,138,189,223.81818560261289,5.415292011556342
247.0,4.8,Electronics,172,190,238.39376347821553,5.4781097421505285
172.0,4.0,Clothing,117,191,165.01261903510357,5.112063803751056
332.0,4.2,Electronics,170,192,334.56213640514665,5.815807144643804
375.0,3.8,Clothing,157,193,389.1426915566777,5.966512547993821
280.0,1.3,Groceries,107,194,278.1464143431336,5.6317364267630134
401.0,4.9,Sports,100,195,387.4000117757056,5.96203576673567
183.0,2.7,Clothing,152,196,184.06217455022608,5.220691847266416
228.0,3.8,Electronics,132,197,235.1079505445382,5.464289118003691
452.0,4.6,Clothing,105,198,462.92538518038447,6.139723731494399
387.0,4.6,Books,180,199,401.76214517342333,5.998346177216127
280.0,1.3,Groceries,108,200,273.7812587229683,5.615975358324412
308.0,4.3,Sports,102,201,298.57377911184744,5.702360728159617
409.0,1.4,Clothing,106,202,424.53449427502534,6.053346012354008
495.0,2.6,Books,153,203,502.79923548251213,6.222177846415398
147.0,2.8,Groceries,110,204,144.22065527111104,4.978254346206836
343.0,1.4,Books,158,205,351.31253813463707,5.86451867408273
229.0,3.8,Groceries,186,206,236.21621100460044,5.468972007977996
172.0,4.0,Clothing,180,207,173.97762573386748,5.1646581128003
267.0,2.3,Groceries,134,208,272.01650573379374,5.609532253920641
162.0,5.0,Electronics,110,209,159.9792104519712,5.081275229019265
233.0,3.7,Sports,171,210,233.9016090490928,5.4591667415736875
452.0,4.6,Clothing,172,211,453.09199451682247,6.118299808608763
269.0,4.0,Clothing,114,212,278.3624855814178,5.632510170025093
88.0,2.7,Sports,141,213,90.99168302648322,4.521698171076491
236.0,1.3,Clothing,143,214,243.85125907659025,5.500650920371537
488.0,2.985,Electronics,103,215,464.13834277600836,6.142334872685886
435.0,4.0,Groceries,199,216,445.8552285743967,6.102234668719887
495.0,2.6,Books,120,217,507.8044813104948,6.23206381959423
221.0,1.3,Groceries,177,218,224.9421719850986,5.420279090358263
219.0,1.4,Groceries,188,219,224.6121960078228,5.418817578481061
357.0,2.5,Sports,164,220,369.2083422624325,5.914065934359925
192.0,3.4,Groceries,159,221,191.4301258387543,5.259733105177867
280.0,1.3,Groceries,179,222,280.0574059776765,5.638558940204534
409.0,1.4,Clothing,136,223,393.6508049276759,5.978001335751156
236.0,1.3,Clothing,187,224,233.29487083991773,5.456580453852523
452.0,2.5,Electronics,199,225,458.4801061320127,6.130095646260054
469.0,4.9,Books,188,226,482.1507495013072,6.180328715724891
177.0,3.2,Groceries,152,227,171.99460102913443,5.153260386086723
236.0,1.3,Clothing,173,228,227.45262042015796,5.431328838375354
219.0,1.4,Groceries,171,229,222.5706198985608,5.4097273368452585
304.0,4.2,Sports,194,230,288.8571484591573,5.669388210097313
421.0,3.2,Sports,161,231,407.4594857993386,6.012392731411802
220.0,2.7,Groceries,154,232,209.639570367567,5.350148475533329
333.0,2.6,Clothing,177,233,321.9072744245672,5.777365205923498
373.0,2.8,Clothing,150,234,361.1132091412214,5.891956895369489
434.0,3.3,Sports,189,235,429.12503401216713,6.064075943192718
429.0,4.3,Clothing,151,236,424.80983364905325,6.053992846718429
376.0,1.5,Groceries,135,237,390.07226889494495,5.968892373839596
376.0,1.5,Groceries,199,238,376.38012518995583,5.933252969093987
192.0,3.4,Groceries,177,239,196.28937149975593,5.284671541834795
135.0,4.4,Sports,121,240,129.65585433192388,4.872566800238826
274.0,4.3,Groceries,192,241,266.4770218997052,5.589033663206139
236.0,1.2,Electronics,136,242,240.7894652070968,5.488067369022707
252.0,2.3,Books,161,243,240.7306598038069,5.487824130321615
460.0,4.6,Sports,162,244,459.3834924632127,6.1320598214334545
280.0,1.3,Groceries,159,245,282.7823310385621,5.6482075042908395
387.0,4.6,Books,120,246,390.953036424831,5.971142027574569
256.0,2.8,Clothing,179,247,243.78707996846188,5.500388771338758
111.0,2.9,Books,114,248,109.02539884694396,4.700711237748017
239.0,3.6,Electronics,132,249,242.2621265600748,5.4941395720746105
271.0,2.1,Books,198,250,261.4878928496445,5.57020495849046
177.0,3.6,Books,114,251,180.45885697540652,5.201028944677263
329.0,3.0,Sports,114,252,337.09093936996993,5.823314910685628
395.0,1.1,Groceries,113,253,414.03778302262276,6.028369559514504
452.0,4.6,Clothing,164,254,438.8848581675097,6.086513006683623
193.0,1.6,Groceries,177,255,199.27502188595605,5.299691531380695
183.0,2.7,Clothing,174,256,183.3714273576114,5.216952349862884
85.0,2.4,Sports,101,257,83.92443206722548,4.441761826561531
269.0,4.0,Clothing,152,258,258.8419347720473,5.560073502958705
177.0,3.6,Books,104,259,181.16844923482944,5.204931804270211
392.0,4.6,Clothing,128,260,381.64561788643255,5.947109281175283
452.0,4.6,Clothing,161,261,446.1882744846617,6.10297970165068
343.0,1.4,Books,146,262,327.9951983825797,5.796043156077046
283.0,3.7,Sports,171,263,291.5286837176924,5.678562725856063
236.0,1.3,Clothing,160,264,242.29148916573075,5.4942602683544965
456.0,4.8,Groceries,173,265,466.6528818499295,6.147726315269205
62.0,4.0,Electronics,160,266,60.7565497650497,4.123200038952791
495.0,2.6,Books,108,267,478.8372636761649,6.173447012408924
308.0,4.8,Clothing,150,268,312.2366405456831,5.746958944967873
283.0,3.7,Sports,184,269,282.8915086704041,5.64859215345221
267.0,2.3,Groceries,182,270,258.40934086635394,5.5584072807419345
85.0,2.4,Sports,132,271,86.58024580392384,4.4725554679909605
450.0,4.2,Electronics,173,272,472.10068943195864,6.159308239900802
115.0,2.9,Electronics,140,273,117.84302525903344,4.777803506842536
162.0,2.5,Books,192,274,165.8877794643069,5.117321607281851
173.0,1.4,Books,186,275,180.79041062569925,5.202854433518878
398.0,1.3,Electronics,163,276,386.1768674294811,5.95888161040874
271.0,2.1,Books,189,277,272.776404049371,5.612311729627792
267.0,2.3,Groceries,152,278,279.8065672914047,5.637666059668069
395.0,2.5,Books,172,279,381.77911738332193,5.947458105800596
335.0,2.985,Electronics,102,280,341.70844064139146,5.836880058403316
77.0,2.985,Groceries,199,281,77.66073812398365,4.365144150686863
209.0,1.1,Sports,113,282,210.80741302674397,5.355677432681086
452.0,4.6,Clothing,102,283,460.93471236390735,6.135423565866163
274.0,1.1,Electronics,152,284,285.7715036867937,5.658685744258972
290.0,2.0,Clothing,199,285,298.1948762556888,5.701095121139817
247.0,4.8,Electronics,108,286,236.0365617543804,5.468214398242716
469.0,4.9,Books,132,287,485.5429441321709,6.187325169327825
282.0,3.2,Groceries,100,288,274.26026550390566,5.617717070107725
490.0,1.7,Clothing,187,289,483.96879407208223,6.184084546748022
286.0,3.2,Electronics,147,290,284.90555846931414,5.6556615411445685
274.0,1.1,Books,122,291,273.4768244206341,5.614866829045182
429.0,4.3,Clothing,172,292,426.2192391280548,6.057297322044034
473.0,4.1,Sports,189,293,493.68681081641046,6.203924856904755
357.0,2.5,Sports,152,294,364.3548785736057,5.900869151298767
304.0,4.2,Sports,171,295,307.9875876370839,5.7333011066316555
466.0,2.985,Books,177,296,445.0226384946851,6.1003697096885645
179.0,4.0,Clothing,184,297,186.23004861166072,5.232338067250094
434.0,2.985,Clothing,159,298,451.7675343331644,6.115378824524172
356.0,1.4,Groceries,101,299,365.9755850581116,5.90529532011442
115.0,2.9,Electronics,106,300,109.33083584385662,4.703483450596474
162.0,2.5,Books,159,301,154.8279400674575,5.048752450268934
434.0,3.3,Sports,190,302,422.07470867845245,6.047548779712579
367.0,1.3,Books,186,303,353.4705232789181,5.8706251923850274
146.0,4.0,Electronics,100,304,144.52300603367445,4.980334191182289
316.0,1.0,Clothing,106,305,329.3548886355742,5.800167496718373
308.0,4.8,Clothing,114,306,307.1394613732676,5.730552477158551
308.0,4.8,Clothing,161,307,293.0128008941107,5.683623306846982
162.0,2.5,Books,120,308,158.48048017117594,5.07192153336375
239.0,3.6,Electronics,134,309,228.11581831011378,5.434227632515093
364.0,2.985,Electronics,163,310,347.12086946313144,5.852549745514228
145.0,3.9,Sports,146,311,141.7479378698855,4.961080402686669
495.0,2.6,Books,100,312,483.89281076460776,6.183927857778687
179.0,2.985,Electronics,180,313,184.13956618656871,5.221109952472059
429.0,4.3,Clothing,100,314,449.37040660430966,6.110070369969474
332.0,3.3,Groceries,107,315,327.724075517148,5.795218722640024
247.0,4.8,Electronics,122,316,245.24350590786764,5.506320907756707
296.0,3.5,Groceries,159,317,306.20576731406624,5.727517774906101
64.0,1.3,Clothing,153,318,62.516089728611284,4.151293255355895
221.0,1.4,Electronics,101,319,213.4060378773162,5.367871590541326
395.0,1.1,Groceries,110,320,408.9470401244442,6.016027980926951
373.0,2.8,Clothing,108,321,356.08447187421444,5.877972369684672
343.0,1.4,Books,189,322,347.10569079884,5.852506142856242
103.0,1.4,Groceries,134,323,103.63852632890811,4.650511804361517
397.0,1.7,Sports,152,324,390.88304176581727,5.970963432429111
452.0,4.6,Clothing,187,325,443.64656635360063,6.097279733682921
170.0,3.6,Groceries,161,326,174.62158134508755,5.168331574247805
426.0,4.8,Groceries,182,327,408.3816884184845,6.01464794437754
473.0,4.1,Sports,100,328,460.54989783042856,6.134590169074265
290.0,2.0,Clothing,101,329,296.7410132233046,5.696224025490426
450.0,4.2,Electronics,152,330,452.1744262676891,6.1162770983200225
193.0,1.6,Groceries,106,331,185.82017242469823,5.230146509389884
247.0,4.8,Clothing,157,332,256.4387496727669,5.550781826460864
387.0,4.6,Books,110,333,382.876431662011,5.950320708254549
177.0,3.2,Groceries,159,334,182.80327024320246,5.213866002163752
147.0,2.8,Groceries,101,335,151.22938132825732,5.025388471003635
367.0,1.3,Books,117,336,371.5664138855124,5.9204153142375295
280.0,4.0,Electronics,123,337,279.8454716762626,5.6378045952104365
179.0,4.0,Clothing,198,338,187.58396004283347,5.239543319089685
308.0,4.8,Clothing,139,339,297.06492422929836,5.6973113293172055
162.0,4.4,Clothing,181,340,165.64752278632804,5.115880939874758
329.0,3.0,Sports,172,341,318.8401740781916,5.767821415018424
186.0,1.8,Electronics,177,342,182.9916937591817,5.214890613976884
78.0,2.0,Groceries,192,343,76.50785019831092,4.350379224110955
173.0,1.4,Books,125,344,180.7337225878799,5.202542553051533
395.0,2.5,Books,146,345,413.4605690226369,6.02697784103374
401.0,4.9,Sports,161,346,388.2889193138126,5.964321791107841
375.0,3.8,Clothing,160,347,357.0763185111564,5.880746143879792
308.0,4.8,Clothing,106,348,314.7762476216239,5.75503388563513
444.0,2.4,Clothing,143,349,440.3587530638495,6.089858043746865
408.0,2.3,Sports,162,350,391.2246819995726,5.9718348439584705
94.0,3.0,Electronics,102,351,95.7272885924242,4.571895561122629
273.0,3.0,Clothing,104,352,274.23138092151714,5.617612129069645
250.0,3.5,Clothing,107,353,262.0129205500277,5.5722031585376905
374.0,1.2,Electronics,173,354,363.80511514521555,5.89936327988152
280.0,1.3,Groceries,133,355,277.31138053714335,5.62874056075052
236.0,2.985,Groceries,177,356,237.00408096013194,5.472287820415779
329.0,3.0,Sports,121,357,338.59692962011525,5.8277594132305826
375.0,3.8,Clothing,146,358,376.8314496270022,5.93444819571875
437.0,3.6,Books,181,359,441.93373702966716,6.093420181046124
201.0,2.3,Electronics,141,360,195.4955557369578,5.280639813938826
220.0,2.7,Groceries,152,361,227.6322120179483,5.432114651398612
269.0,4.0,Clothing,121,362,267.0801617135058,5.591286046657409
162.0,3.5,Sports,125,363,156.18354596585266,5.057414205088461
473.0,4.1,Sports,104,364,480.76608835610625,6.177458702390421
162.0,2.5,Books,199,365,157.40066534160198,5.065127679760406
292.0,1.2,Sports,170,366,280.2488252989875,5.639239776795196
201.0,2.3,Electronics,187,367,208.2759368589259,5.3436536532243135
397.0,1.7,Sports,141,368,395.41844190019106,5.982470324835282
103.0,1.4,Groceries,174,369,105.5676222407665,4.668779734271151
473.0,4.1,Sports,189,370,463.0947915788406,6.140088823557224
150.0,2.7,Sports,140,371,154.30455202376498,5.04538804088905
77.0,2.985,Groceries,151,372,74.01190663806578,4.317646856110252
175.0,2.6,Clothing,138,373,172.47953404140992,5.15605963301365
219.0,1.4,Groceries,163,374,229.46955381362025,5.440118766135886
179.0,2.985,Electronics,120,375,184.26241592298732,5.2217732844565345
78.0,2.0,Groceries,122,376,77.97859625645457,4.36917688229532
112.0,2.6,Sports,133,377,110.2055076814931,4.711379910099766
201.0,2.3,Electronics,110,378,208.47992757045176,5.344627923652452
175.0,2.6,Clothing,125,379,175.78483578397905,5.17493337607244
94.0,3.0,Electronics,152,380,96.42919516796964,4.579125910784939
196.0,4.3,Sports,138,381,200.98051053419684,5.3081712102424925
387.0,4.6,Books,134,382,368.34449776060063,5.911729806775929
273.0,3.0,Clothing,144,383,262.79672827023836,5.575178837894851
408.0,2.3,Sports,134,384,414.5128781489055,6.0295136081567176
201.0,2.3,Electronics,146,385,194.198558206846,5.274017287716294
256.0,2.8,Clothing,113,386,249.74062962318348,5.524419056744723
437.0,3.6,Books,114,387,456.51807859852283,6.125816399997182
85.0,2.4,Sports,188,388,85.51154919618675,4.460277921744192
317.0,2.1,Electronics,106,389,324.9481253718793,5.786738244078904
332.0,4.2,Electronics,177,390,333.9249605275836,5.813906508308548
236.0,1.3,Clothing,180,391,237.23932130887232,5.473275720160958
162.0,5.0,Electronics,181,392,155.4252609440363,5.052578330056514
401.0,4.9,Sports,150,393,394.73089402362507,5.98073441970215
193.0,1.6,Groceries,177,394,188.80091634464966,5.245975714112801
219.0,1.4,Groceries,188,395,216.60695120693813,5.382690459356387
179.0,2.985,Electronics,100,396,184.34036096921548,5.222193923762214
280.0,1.6,Electronics,146,397,276.41411470167225,5.625511388711991
283.0,3.7,Sports,137,398,281.63301998425663,5.644149306964231
274.0,1.1,Books,175,399,271.1882500992977,5.60649392286134
282.0,1.5,Books,151,400,270.5341048097033,5.604087747726932
335.0,2.985,Electronics,107,401,333.02591730140125,5.811218586677014
495.0,3.0,Sports,159,402,479.9326590157035,6.175727258258205
292.0,1.2,Sports,152,403,282.8523202365728,5.6484541037477545
248.0,4.0,Books,188,404,237.9320953899698,5.476179391854621
280.0,1.6,Electronics,101,405,275.9867872759694,5.623969805684956
392.0,4.6,Clothing,180,406,402.0932898837451,5.999168023702617
177.0,3.6,Books,153,407,173.04301792332612,5.159302498102769
398.0,1.3,Electronics,199,408,390.5314942550434,5.9700659572912205
111.0,2.9,Books,102,409,112.5836887001639,4.732539910591801
344.0,2.985,Books,133,410,333.53692395299004,5.8127472589859375
162.0,4.4,Clothing,121,411,168.43071847286126,5.132444102690218
429.0,4.3,Clothing,143,412,429.86617344749175,6.065797539445869
269.0,4.0,Clothing,150,413,267.59051909461385,5.593187985977759
162.0,4.4,Clothing,106,414,162.93668710925306,5.099480299074215
304.0,4.2,Sports,159,415,293.84744312785233,5.686458080636325
209.0,4.8,Books,152,416,211.3715885975588,5.3583375167556495
469.0,4.9,Books,152,417,462.5794245481351,6.138977728574166
308.0,4.8,Clothing,161,418,320.23333930171026,5.772167772768701
450.0,4.2,Electronics,104,419,435.0984393004959,6.077867996077116
229.0,3.8,Groceries,150,420,229.1614702785186,5.438781107294312
147.0,2.8,Groceries,164,421,148.44225565172457,5.0069100683958245
192.0,3.4,Groceries,184,422,183.04096515429853,5.215158369537256
196.0,4.3,Sports,171,423,193.32838524522035,5.269549435498295
179.0,2.985,Electronics,114,424,183.1641707011449,5.215827591877995
452.0,4.6,Clothing,164,425,466.4810633366935,6.14735884167667
490.0,1.7,Clothing,111,426,480.8449377460468,6.177622356371085
273.0,3.0,Clothing,151,427,281.1515963360491,5.642444502155831
183.0,2.7,Clothing,173,428,191.55993255099202,5.260407443199475
280.0,1.6,Electronics,199,429,289.9924702101027,5.673297391270057
172.0,4.0,Clothing,170,430,165.4234765963404,5.114535603750057
290.0,2.0,Clothing,125,431,296.9521796304807,5.696933002589894
78.0,2.0,Groceries,186,432,76.59340129303625,4.3514823886899485
452.0,4.6,Clothing,110,433,474.07640272142584,6.163475638934596
209.0,4.8,Books,111,434,208.69400274804164,5.345649338300253
135.0,4.4,Sports,184,435,129.9028576278457,4.8744555032951835
271.0,2.1,Books,111,436,277.1025283515423,5.627989852717981
172.0,4.0,Clothing,191,437,168.95579261224287,5.135538359775705
186.0,1.8,Electronics,164,438,195.2456537217189,5.279367209776354
162.0,5.0,Electronics,199,439,169.77247581724328,5.140332119757649
233.0,3.7,Sports,104,440,236.63792261987956,5.470748181738675
162.0,2.5,Books,111,441,156.00318847301781,5.056266113887425
248.0,4.0,Books,121,442,252.63415274234072,5.535892885192579
280.0,4.0,Electronics,107,443,268.60485362088076,5.596957381920909
175.0,2.6,Clothing,177,444,166.76387278429186,5.122557471593607
401.0,4.9,Sports,184,445,413.9506336934816,6.028159558199531
387.0,4.6,Books,114,446,375.7674390753584,5.931628124624745
162.0,3.5,Sports,107,447,160.04023944474937,5.081654268195491
228.0,3.8,Electronics,177,448,238.79482849145674,5.479783676436999
236.0,1.2,Electronics,188,449,232.14943584392205,5.4516796035384365
236.0,1.3,Clothing,139,450,231.19715883828624,5.447586833350372
426.0,4.8,Groceries,170,451,443.81566078393024,6.09765995091353
436.0,4.2,Sports,177,452,419.0286322159066,6.040322880896447
252.0,2.3,Books,198,453,258.5414767348887,5.558916523109067
473.0,4.1,Sports,151,454,496.08550130267616,6.2087620461145745
329.0,3.0,Sports,100,455,342.202638754486,5.838321056262822
201.0,2.3,Electronics,187,456,204.04852516599917,5.323246659254285
452.0,4.6,Clothing,188,457,443.59554793367147,6.097164987835495
401.0,4.9,Sports,127,458,391.1483114452505,5.971640113759441
62.0,4.0,Electronics,180,459,63.97938165020306,4.174070014193878
289.0,1.5,Clothing,163,460,299.97685331320395,5.707033362500292
332.0,3.3,Groceries,180,461,332.84443909651696,5.810675133272884
473.0,4.1,Sports,164,462,460.9072791991999,6.1353641765659015
282.0,3.2,Groceries,128,463,271.0849984771951,5.606114511881244
77.0,2.985,Groceries,159,464,73.8212819023051,4.3151023619235245
373.0,2.8,Clothing,180,465,381.1715887862988,5.945869693057504
389.0,2.985,Sports,147,466,385.89261851327655,5.95814718298551
357.0,2.5,Sports,159,467,371.47134751172,5.920160115429539
444.0,2.4,Clothing,161,468,454.6414057522684,6.1217061092527185
301.0,1.3,Groceries,161,469,291.7069385792291,5.679171898846421
229.0,3.8,Groceries,149,470,231.6055028908795,5.449343897977025
88.0,2.7,Sports,106,471,87.4324479987038,4.48223896110286
162.0,3.5,Sports,177,472,163.25144563845154,5.101398458777747
228.0,3.8,Electronics,143,473,233.42797601211822,5.457148402168558
282.0,1.5,Books,188,474,290.6347238443069,5.675502073443853
177.0,3.2,Groceries,129,475,183.084150677399,5.215392993698669
91.0,4.9,Sports,154,476,88.76117135860542,4.497152491584574
248.0,4.0,Books,164,477,236.37166687795047,5.469627127445453
395.0,2.5,Books,129,478,404.4521420390085,6.005002844491689
376.0,1.5,Groceries,146,479,361.1985241072171,5.892192470640396
444.0,2.4,Clothing,188,480,435.78242973441576,6.079435198654653
64.0,1.3,Clothing,171,481,60.82442965839582,4.124298588268217
292.0,1.2,Sports,199,482,297.3047488861273,5.698115611226794
436.0,4.2,Sports,198,483,421.48695570014524,6.0461585722381175
452.0,2.5,Electronics,199,484,459.0187649180629,6.131267281951254
373.0,2.8,Clothing,140,485,391.34199962036035,5.972133907440035
274.0,1.1,Books,120,486,262.2911818821144,5.573260575178482
162.0,2.5,Books,172,487,155.14866379361368,5.050808526494996
177.0,3.2,Groceries,110,488,174.17472764020016,5.1657839194684625
423.0,1.1,Sports,161,489,438.49814955283176,6.0856335067701375
380.0,4.4,Electronics,107,490,369.1901350140706,5.91401675206438
197.0,3.8,Clothing,103,491,194.24944305262784,5.274277936232387
490.0,1.7,Clothing,198,492,468.856764924722,6.152427892777402
364.0,2.985,Electronics,138,493,373.5788526018236,5.925802335137807
280.0,4.0,Electronics,174,494,277.43257759726464,5.629175938845837
296.0,3.5,Groceries,187,495,303.6737624986009,5.7192415729916295
51.0,2.7,Electronics,113,496,53.05840000616866,3.9900649437800624
162.0,4.4,Clothing,114,497,157.67076298304087,5.06683138235006
280.0,4.0,Electronics,107,498,288.6070888495186,5.6685251382835204
77.0,2.985,Groceries,188,499,73.60502295360254,4.312207836760758
250.0,3.5,Clothing,159,500,259.9711847045062,5.564409997796775
248.0,4.0,Books,148,501,251.73905997945695,5.532357573005176
250.0,3.5,Clothing,114,502,259.35566810345875,5.562048650462602
308.0,4.8,Clothing,161,503,292.60580270634273,5.682238060531237
409.0,1.4,Clothing,146,504,395.4654157775601,5.982588813506654
460.0,4.6,Sports,171,505,454.9289318216186,6.122336946099935
173.0,1.4,Books,146,506,170.91540022838262,5.147002496673759
209.0,4.8,Books,117,507,203.28866500310139,5.3195340181654505
408.0,2.3,Sports,101,508,403.16976714658176,6.001835005404616
308.0,4.3,Sports,133,509,296.56854032960786,5.69564458611307
179.0,4.0,Clothing,199,510,177.43842421386185,5.184243579319154
172.0,4.0,Clothing,122,511,177.20049446153934,5.182909289788972
165.0,2.8,Groceries,127,512,164.6546560412053,5.109905236055118
329.0,3.0,Sports,146,513,313.1422029262976,5.7498457589525245
492.0,1.3,Sports,158,514,488.135046845699,6.192638620765725
308.0,4.8,Clothing,154,515,293.436990495598,5.685065026025642
495.0,3.0,Sports,159,516,518.0790488299865,6.252056181452283
460.0,4.6,Sports,113,517,442.862882133452,6.095515690712509
397.0,1.7,Sports,129,518,405.2452265553256,6.006956983557255
178.0,3.0,Sports,146,519,186.41541854747913,5.233327642553653
317.0,2.1,Electronics,184,520,327.3354379378303,5.79403576244637
374.0,1.2,Electronics,101,521,381.45439502972,5.9466094174778155
387.0,4.6,Books,150,522,400.13713719767964,5.994303356866133
286.0,3.2,Electronics,138,523,299.7794426272539,5.706377247410633
88.0,2.7,Sports,170,524,89.06783157583106,4.500563070628874
397.0,1.7,Sports,110,525,399.34963683112426,5.992338257389779
239.0,3.6,Electronics,140,526,242.06489084007242,5.493328448185707
101.0,3.2,Electronics,107,527,101.3300264562917,4.62820314363759
466.0,2.985,Books,117,528,472.29515233539286,6.159719194593519
408.0,2.3,Sports,106,529,405.9535620852804,6.008699080862351
329.0,3.0,Sports,134,530,319.73678071686084,5.770620788981158
495.0,2.6,Books,153,531,476.2022377123279,6.167940379467435
374.0,1.2,Electronics,177,532,357.85595098890656,5.882921057238385
442.0,2.1,Electronics,123,533,431.53855764189143,6.069671473015344
473.0,4.1,Sports,180,534,451.5316445930802,6.114857693497184
280.0,1.6,Electronics,129,535,281.8807818377428,5.645025543294946
282.0,1.5,Books,110,536,275.9039622060633,5.623670739233311
437.0,3.6,Books,177,537,451.1821711134033,6.1140851320728045
102.0,4.6,Electronics,107,538,97.65725690448154,4.591651791896682
329.0,3.0,Sports,139,539,319.9969641638349,5.7714316656517575
429.0,4.3,Clothing,146,540,438.87755971016725,6.0864964148011005
444.0,2.4,Clothing,114,541,448.3870883594271,6.107884628496094
179.0,4.0,Clothing,153,542,171.2043937553601,5.1486821070883275
162.0,4.4,Clothing,192,543,168.11127920602763,5.130556955075883
452.0,2.5,Electronics,161,544,469.05223167974333,6.152843819762983
247.0,4.8,Electronics,154,545,242.8110776957316,5.49639365365122
236.0,1.2,Electronics,114,546,232.23357790304973,5.452040431688522
179.0,2.985,Electronics,198,547,187.7536076144681,5.240442501135714
93.0,1.2,Electronics,151,548,94.17343839581618,4.555700894419912
177.0,3.2,Groceries,132,549,177.55430241405463,5.184892770160419
248.0,4.0,Books,134,550,256.38617415208773,5.550577580246554
177.0,3.6,Books,191,551,173.1996389889245,5.160201992022022
111.0,2.9,Books,164,552,110.21392678669956,4.711455614862083
492.0,1.3,Sports,188,553,480.57461243402605,6.177061177559498
435.0,4.0,Groceries,161,554,447.57849682660986,6.106083686979615
304.0,4.2,Sports,161,555,306.2298201073106,5.727596067224284
397.0,1.7,Sports,188,556,403.30535528456073,6.00217042237785
112.0,2.6,Sports,159,557,109.22584119820135,4.702531362861071
165.0,2.8,Groceries,179,558,160.3837174727257,5.083784867678196
135.0,4.4,Sports,190,559,134.8430574912697,4.911500230343228
373.0,2.8,Clothing,181,560,381.86120244116245,5.947672527784469
64.0,1.3,Clothing,179,561,64.16153444812903,4.176869332384275
421.0,3.2,Sports,173,562,401.3243830246726,5.997258686178677
219.0,1.4,Groceries,133,563,227.07127798841432,5.429658202854332
374.0,1.2,Electronics,180,564,357.71928981746595,5.882540160113398
274.0,1.1,Books,100,565,286.48959085394864,5.661186653856566
88.0,2.7,Sports,159,566,83.82124923283999,4.440546091983732
401.0,1.7,Sports,186,567,408.7974632908414,6.015663045670563
150.0,2.7,Sports,148,568,143.73310595567673,4.974891397763862
209.0,1.1,Sports,134,569,217.5831405101944,5.387166447929164
367.0,1.3,Books,180,570,365.69469976947744,5.9045296211126574
162.0,2.5,Books,101,571,156.12788515203565,5.057060028886846
408.0,2.5,Books,164,572,401.50528055142576,5.997708216154984
376.0,1.5,Groceries,175,573,363.3974077930382,5.8982450517299805
434.0,2.985,Clothing,180,574,419.7032549615777,6.041927727580041
209.0,4.8,Books,174,575,218.36546389158315,5.39073912383523
452.0,4.6,Clothing,180,576,449.5251242752724,6.110413845249749
375.0,3.8,Clothing,147,577,385.83008489645096,5.957985539500871
178.0,3.0,Sports,101,578,180.48497898896275,5.201172889888685
170.0,3.6,Groceries,114,579,172.99924815975268,5.159050978284232
395.0,1.1,Groceries,100,580,380.45189081964554,5.943984737450537
392.0,4.6,Clothing,172,581,381.58003031516705,5.946937860963271
301.0,1.3,Groceries,133,582,309.6311850881486,5.738606308405248
102.0,4.6,Electronics,146,583,106.80181530604277,4.680294497906793
442.0,2.1,Electronics,120,584,431.5102634028604,6.06960605650161
78.0,2.0,Groceries,138,585,76.2182363650581,4.346635651479938
332.0,3.3,Groceries,159,586,331.10018480932206,5.805436684869514
436.0,4.2,Sports,106,587,457.09543764049704,6.127077541533993
177.0,3.2,Groceries,183,588,172.91057334112855,5.1585412207834995
150.0,2.7,Sports,140,589,148.60457864451396,5.007995670984552
491.0,3.9,Books,104,590,510.2216687671142,6.236803290207063
488.0,2.985,Electronics,102,591,463.7425463919225,6.141483588585742
408.0,2.3,Sports,173,592,389.2224513715336,5.966716964646349
434.0,3.3,Sports,121,593,438.51671078489096,6.085675738666092
256.0,2.8,Clothing,139,594,266.4289322166489,5.588853857082031
172.0,4.0,Clothing,160,595,167.50833455891316,5.126985211826795
115.0,2.9,Electronics,133,596,114.65088040882814,4.7505760013491045
94.0,3.0,Electronics,164,597,93.5343738355835,4.548963512652669
179.0,4.0,Clothing,187,598,178.51618709510964,5.190265382665309
392.0,4.6,Clothing,122,599,396.80277207260605,5.985956334903903
209.0,4.3,Sports,159,600,208.36764464650528,5.344091771915714
77.0,2.985,Groceries,107,601,76.59550468818293,4.351509496235215
374.0,1.2,Electronics,110,602,373.03838692412916,5.924358430982097
442.0,2.1,Electronics,120,603,446.01634090418,6.102595150778002
289.0,1.5,Clothing,137,604,290.0695164133543,5.673562126660693
274.0,1.1,Electronics,146,605,283.70332633562384,5.651447677867385
280.0,1.6,Electronics,192,606,267.38591189782267,5.592425914516577
495.0,2.6,Books,153,607,511.4991950379141,6.239299140353602
301.0,1.3,Groceries,132,608,311.35213083961287,5.744131175877612
282.0,3.2,Groceries,199,609,275.9344062071731,5.623780677449501
177.0,3.2,Groceries,152,610,176.34247960378053,5.1780827760565495
233.0,3.7,Sports,120,611,231.56794678292223,5.449182426560007
397.0,1.7,Sports,134,612,385.824840423859,5.957971981847658
150.0,2.7,Sports,191,613,148.45195270629475,5.006974954595038
357.0,2.5,Sports,143,614,340.7346434664995,5.834034539602497
356.0,1.4,Groceries,141,615,348.09046579102977,5.85533110291315
229.0,3.8,Groceries,101,616,236.25202181782143,5.469122959341277
221.0,1.4,Electronics,140,617,216.23882686896005,5.380997332990767
333.0,2.6,Clothing,132,618,343.5962820693166,5.842373534915826
274.0,1.1,Electronics,154,619,274.8658253301614,5.619914607404626
434.0,2.985,Clothing,117,620,450.4860401974744,6.112544453658059
435.0,4.0,Groceries,159,621,438.25291061050206,6.085075353363982
135.0,4.4,Sports,120,622,128.650521011374,4.864842530575704
101.0,4.2,Books,177,623,102.7717440962256,4.642193718802009
51.0,2.7,Electronics,188,624,48.678753196920205,3.905577340629946
426.0,4.8,Groceries,143,625,423.8954330086815,6.051843098672043
101.0,4.2,Books,189,626,105.33720961417845,4.666615267504137
135.0,4.4,Sports,140,627,130.48025318106096,4.878856674418297
247.0,4.8,Clothing,143,628,244.27984711765615,5.5023997918260825
434.0,3.3,Sports,179,629,443.9759374040239,6.098020207454845
344.0,2.985,Books,106,630,357.14969432966274,5.880951039589937
301.0,1.3,Groceries,101,631,306.1453844427495,5.727321200450796
292.0,1.2,Sports,139,632,284.9386590223821,5.655777308873235
197.0,3.8,Clothing,106,633,200.43977470244945,5.305490451860391
196.0,4.3,Sports,135,634,192.01586176564018,5.262772370842056
177.0,3.2,Groceries,152,635,180.8661973677916,5.203271237402122
282.0,1.5,Books,160,636,294.80373419789817,5.689696174260229
271.0,2.1,Books,188,637,276.99976252498044,5.627620259463583
162.0,5.0,Electronics,191,638,167.8786641471811,5.129180493437612
201.0,2.3,Electronics,114,639,190.99228724783524,5.2574552006367306
94.0,3.0,Electronics,110,640,96.04517797247699,4.575176622368026
395.0,1.1,Groceries,120,641,408.01870849617734,6.013760897041109
332.0,3.3,Groceries,189,642,316.7465500864834,5.76125405269035
250.0,3.5,Clothing,187,643,259.2899431822058,5.561796175765121
335.0,2.985,Electronics,107,644,326.84925664838653,5.792553919354264
304.0,4.2,Sports,134,645,309.02487990013293,5.736652552001076
252.0,2.3,Books,143,646,259.56894295138983,5.562867482421475
317.0,2.1,Electronics,152,647,322.1564650639816,5.778136617895849
392.0,4.6,Clothing,150,648,376.01756384927165,5.932291774822408
374.0,1.2,Electronics,159,649,377.60242480537784,5.936486643417623
473.0,4.1,Sports,133,650,475.34530696295735,6.166143026026913
469.0,4.9,Books,100,651,487.7750674726833,6.191902398931009
282.0,1.5,Books,164,652,279.2995603759667,5.635858889764114
387.0,4.6,Books,173,653,380.07583845726884,5.942998406387613
395.0,2.5,Books,180,654,404.86910519524037,6.006030706622413
162.0,2.5,Books,102,655,160.58534028255102,5.08503342589872
177.0,3.6,Books,162,656,179.58590229758963,5.1962065775682955
387.0,4.6,Books,171,657,392.6676184878223,5.9755069453616105
367.0,1.3,Books,134,658,381.2410336620163,5.946051387796364
162.0,2.5,Books,161,659,163.5988169175694,5.103511100596053
111.0,2.9,Books,108,660,111.02390507057807,4.718712286650579
105.7993197882219,3.576088427531154,Books,134,661,101.97860298589475,4.634521228648087
252.0,2.3,Books,187,662,242.31658768830337,5.494363425386978
387.0,4.6,Books,170,663,373.62224457645516,5.925918170458507
176.87833851105825,3.533086181082029,Books,121,664,171.07404897078385,5.147924901439481
343.0,1.4,Books,140,665,347.72918427836265,5.854295644697231
464.2454693053615,3.0222081509380234,Books,161,666,475.43291466811297,6.166326925497773
209.0,4.8,Books,100,667,209.62682282916214,5.350087955450956
495.0,2.6,Books,147,668,511.2863777610018,6.23888380023637
176.68749694009247,3.428123317050857,Books,113,669,185.36750392712037,5.227720551898417
248.0,4.0,Books,199,670,255.93631320216,5.5488282456337
177.0,3.6,Books,105,671,180.4494180140645,5.20097692623627
367.0,1.3,Books,139,672,368.1924820693433,5.911318139662281
495.0,2.6,Books,152,673,492.46822704789804,6.201458473919204
107.11322710310517,3.4052804765963267,Books,177,674,102.66151977025383,4.641130973760144
274.0,1.1,Books,157,675,271.24270370601454,5.606693961476036
177.0,3.6,Books,198,676,184.25938307104377,5.221756913749322
367.0,1.3,Books,152,677,378.3044305175705,5.938339129400613
162.0,2.5,Books,148,678,157.40003211318933,5.065123682115086
493.170784332633,3.194495091894277,Books,140,679,491.5239778314852,6.199543145379275
282.0,1.5,Books,189,680,290.93159431215093,5.676519508769426
408.0,2.5,Books,191,681,390.34928983524935,5.9696004855954365
271.2236519310393,2.0254493563202294,Books,159,682,268.1694725160935,5.595341190582767
468.96066080980154,4.8748884835899915,Books,146,683,485.46063070425595,6.187155974824865
108.72244769296657,3.1960817999143454,Books,188,684,107.67760174937196,4.6883857172312275
343.0,1.4,Books,147,685,328.5121823142884,5.7976133253813815
208.82329225204472,4.793373459451677,Books,183,686,209.7115089391214,5.350489941715743
177.0,3.6,Books,189,687,183.40284216005384,5.21712272401919
469.0,4.9,Books,173,688,473.2343919645032,6.1617016972867305
387.0,4.6,Books,139,689,376.4070014878908,5.933324184664567
248.0,4.0,Books,180,690,245.12914257940707,5.505856368018894
282.0,1.5,Books,180,691,280.5934787853305,5.640464466293195
107.41534271455727,3.3660054471075544,Books,104,692,108.26678497069379,4.6937924603502506
466.0,2.985,Books,134,693,478.08575780007175,6.171879616459268
469.0,4.9,Books,106,694,450.1871726673458,6.11188227040771
364.18434187295276,3.0780926458411386,Electronics,132,695,378.37485879334884,5.938524789605058
236.0,1.2,Electronics,160,696,224.49050899117938,5.418278069326066
115.0,2.9,Electronics,107,697,113.50560184875394,4.740623746240798
317.0,2.1,Electronics,189,698,302.0192238261332,5.713796248467559
239.0,3.6,Electronics,163,699,236.44208398575245,5.469923736834672
101.0,3.2,Electronics,110,700,101.26070724862056,4.627525505808462
274.1383745502485,1.111531212520708,Electronics,121,701,274.4586061832434,5.618437367515749
51.0,2.7,Electronics,143,702,49.29470456984416,3.9178997946222194
364.0,2.985,Electronics,150,703,369.3049545674803,5.91432686770443
486.32003612430987,2.9623671533413964,Electronics,114,704,464.1817000847965,6.142428082133866
201.0,2.3,Electronics,150,705,206.26432708466157,5.333994921105742
451.5344573191394,2.8957112787315173,Electronics,121,706,471.7019925309284,6.158465153002764
185.36575495827026,1.9073686249213926,Electronics,162,707,182.39561772597204,5.211645664912957
162.0,5.0,Electronics,107,708,162.27927798377218,5.095462096540393
367.8246199126716,2.302305345588114,Electronics,139,709,363.3706418178368,5.898171596327462
102.0,4.6,Electronics,198,710,96.96844598110141,4.584645447039272
450.933525786496,3.406503081478434,Electronics,159,711,445.78722450733176,6.10208247347231
179.0,2.985,Electronics,183,712,184.2217926407781,5.221553986135942
374.0,1.2,Electronics,125,713,377.5899826976622,5.936453779623445
89.88063349354027,1.7148647961550334,Groceries,191,714,86.2967323461745,4.469313031975208
332.0,3.3,Groceries,102,715,343.52503105783364,5.842166746908026
280.0,1.3,Groceries,199,716,280.87038965678676,5.64144735413839
274.0,4.3,Groceries,101,717,283.36322011180414,5.65025236506456
282.0,3.2,Groceries,160,718,284.2622468297378,5.6534089214918595
78.0,2.0,Groceries,150,719,78.46556986973593,4.375323844453037
147.0,2.8,Groceries,171,720,141.1973100223961,4.957215600329428
376.0,1.5,Groceries,199,721,363.4927259660124,5.898506595052089
426.1509220277389,4.786584708645431,Groceries,177,722,446.2663218553791,6.103154215530389
103.0,1.4,Groceries,143,723,100.20341349157414,4.617132486438411
229.0,3.8,Groceries,146,724,239.93365350197945,5.4845215989172855
229.0,3.8,Groceries,161,725,229.73080097940564,5.44125166723196
232.8465052362132,3.3521568903551775,Groceries,134,726,224.3659804802219,5.417725660668179
235.90714527188092,2.9958109433452913,Groceries,182,727,226.45439792537022,5.426949769618792
301.0,1.3,Groceries,172,728,292.2368085282428,5.68098050281588
280.8734235643089,2.1297523860934753,Groceries,101,729,292.8284449724077,5.682996076522321
426.0,4.8,Groceries,107,730,422.34279955638243,6.048182251691329
177.0,3.2,Groceries,199,731,175.14918654347457,5.1713312868002825
229.0,3.8,Groceries,189,732,224.722423378507,5.41930602925856
77.0,2.985,Groceries,133,733,74.28237624936273,4.3212460602593215
280.0,1.3,Groceries,150,734,279.6598335213874,5.637143379154523
395.0,1.1,Groceries,153,735,380.38688740918997,5.943814312421113
193.0,1.6,Groceries,132,736,199.47476856217895,5.300688396245133
230.2135525745544,3.6587078073911656,Groceries,152,737,227.22991555316133,5.430353522408099
363.8212121514648,1.439106060757324,Groceries,120,738,359.26630037879823,5.886843481264182
78.0,2.0,Groceries,179,739,77.79725014216861,4.366878099581943
376.0,1.5,Groceries,185,740,373.89920201503224,5.92665719521208
177.0,3.2,Groceries,139,741,185.75898612314998,5.22981894131926
150.0,2.7,Sports,170,742,150.68071681827453,5.021777764354423
233.0,3.7,Sports,170,743,223.40509969830399,5.413452899318582
85.0,2.4,Sports,157,744,85.9084574034039,4.464855350935086
233.0,3.7,Sports,143,745,224.8819140238682,5.420012358400168
